{
  "bullet": {
    "n": 48,
    "spans": {
      "spec": {
        "base": {
          "mean": 2.2872183322906494,
          "lo": 2.1966762006282807,
          "hi": 2.378293037414551
        },
        "steer": {
          "mean": 6.523927211761475,
          "lo": 6.319001162052155,
          "hi": 6.733648490905762
        }
      },
      "cot_target": {
        "base": {
          "mean": 4.503865718841553,
          "lo": 4.268429219722748,
          "hi": 4.747140204906463
        },
        "steer": {
          "mean": 3.956319808959961,
          "lo": 3.781439596414566,
          "hi": 4.121779119968414
        }
      },
      "directive": {
        "base": {
          "mean": 1.2645429372787476,
          "lo": 1.1649306923151017,
          "hi": 1.3699588268995284
        },
        "steer": {
          "mean": 1.4793328046798706,
          "lo": 1.3992608785629272,
          "hi": 1.5630270838737488
        }
      },
      "rest": {
        "base": {
          "mean": 4.264143943786621,
          "lo": 4.09836379289627,
          "hi": 4.440160357952117
        },
        "steer": {
          "mean": 6.449602127075195,
          "lo": 6.298905098438263,
          "hi": 6.595527112483978
        }
      }
    }
  },
  "numbered": {
    "n": 48,
    "spans": {
      "spec": {
        "base": {
          "mean": 3.9451217651367188,
          "lo": 3.7833946108818055,
          "hi": 4.0893066883087155
        },
        "steer": {
          "mean": 8.590126037597656,
          "lo": 8.397125387191773,
          "hi": 8.779951763153075
        }
      },
      "cot_target": {
        "base": {
          "mean": 4.428643703460693,
          "lo": 4.20985916852951,
          "hi": 4.64862049818039
        },
        "steer": {
          "mean": 4.4790873527526855,
          "lo": 4.264965629577636,
          "hi": 4.686481237411499
        }
      },
      "directive": {
        "base": {
          "mean": 1.1416658163070679,
          "lo": 1.0530757874250412,
          "hi": 1.2335892289876937
        },
        "steer": {
          "mean": 1.2421289682388306,
          "lo": 1.1662809908390046,
          "hi": 1.3186617523431776
        }
      },
      "rest": {
        "base": {
          "mean": 3.237431764602661,
          "lo": 3.0313404977321623,
          "hi": 3.4415573000907895
        },
        "steer": {
          "mean": 4.202221393585205,
          "lo": 4.021400189399719,
          "hi": 4.380767083168029
        }
      }
    }
  }
}