{
  "form": {
    "bullet": {
      "shift": 12.890625,
      "pattern_full": {
        "frac": 0.7092816808640815,
        "lo": 0.6666666666666666,
        "hi": 0.7910447761194029
      },
      "value_full": {
        "frac": 0.1968042561109181,
        "lo": 0.0845771144278607,
        "hi": 0.36538461538461536
      },
      "pattern_all": {
        "frac": 0.7728838523143226,
        "lo": 0.7304347826086957,
        "hi": 0.8507462686567164
      },
      "value_all": {
        "frac": 0.4083082310150002,
        "lo": 0.17796610169491525,
        "hi": 0.5480769230769231
      },
      "both_all": {
        "frac": 0.9080601806024348,
        "lo": 0.875,
        "hi": 0.9576271186440678
      },
      "ablation": {
        "ablate_attn_late": {
          "remaining": 3.4895833333333335,
          "frac": 0.27070707070707073
        },
        "ablate_mlp_late": {
          "remaining": 6.432291666666667,
          "frac": 0.49898989898989904
        },
        "ablate_both_late": {
          "remaining": 0.8020833333333334,
          "frac": 0.06222222222222223
        }
      }
    },
    "numbered": {
      "shift": 14.609375,
      "pattern_full": {
        "frac": 0.6238729652261893,
        "lo": 0.5573770491803278,
        "hi": 0.6923076923076923
      },
      "value_full": {
        "frac": 0.15824112019882758,
        "lo": 0.07692307692307693,
        "hi": 0.2140077821011673
      },
      "pattern_all": {
        "frac": 0.6990548671258862,
        "lo": 0.6583333333333333,
        "hi": 0.7606837606837606
      },
      "value_all": {
        "frac": 0.3380210833820205,
        "lo": 0.18333333333333332,
        "hi": 0.47413793103448276
      },
      "both_all": {
        "frac": 0.905158857361288,
        "lo": 0.84688995215311,
        "hi": 0.9401709401709402
      },
      "ablation": {
        "ablate_attn_late": {
          "remaining": 4.432291666666667,
          "frac": 0.3033868092691622
        },
        "ablate_mlp_late": {
          "remaining": 6.786458333333333,
          "frac": 0.46452762923351154
        },
        "ablate_both_late": {
          "remaining": 1.6510416666666667,
          "frac": 0.11301247771836008
        }
      }
    }
  },
  "meta": {
    "bullet": {
      "shift": -5.166666666666667,
      "pattern_full": -3.1276041666666665,
      "value_full": -0.8854166666666666,
      "ablate_attn_late": -1.8619791666666667,
      "ablate_mlp_late": -0.8489583333333334
    },
    "numbered": {
      "shift": -4.067708333333333,
      "pattern_full": -1.8177083333333333,
      "value_full": -0.6927083333333334,
      "ablate_attn_late": -1.9270833333333333,
      "ablate_mlp_late": -1.5130208333333333
    },
    "none": {
      "shift": -1.3932291666666667,
      "pattern_full": -0.875,
      "value_full": -0.453125,
      "ablate_attn_late": -0.484375,
      "ablate_mlp_late": -0.4375
    }
  },
  "none_control": {
    "pattern_full": -0.16145833333333334,
    "value_full": -0.3229166666666667
  },
  "mask_instr": {
    "bullet": {
      "mask_instr_full": -0.07474747474747474,
      "mask_instr_late": 0.03191919191919192
    },
    "numbered": {
      "mask_instr_full": 0.042067736185383245,
      "mask_instr_late": 0.08413547237076649
    },
    "base_control": {
      "base_drop": -0.9270833333333334,
      "steer_drop": -13.854166666666666
    }
  },
  "gL10spec": {
    "bullet": {
      "spec_pattern_full": 0.7558096470926334,
      "spec_value_full": 0.19456126124528203
    },
    "numbered": {
      "spec_pattern_full": 0.6870204175454117,
      "spec_value_full": 0.13483384258344483
    }
  }
}