{
  "tag": "heldout",
  "ft_tag": "cdel",
  "n_tasks": 39,
  "rand_arms": [
    "rand0",
    "rand1",
    "rand2",
    "rand3",
    "rand4"
  ],
  "per_instruction": {
    "initial_caps": {
      "bucket": "within_category",
      "base": {
        "n": 39,
        "raw_compliance": 0.0,
        "effective_control": 0.0,
        "accuracy": 0.7941176470588235,
        "meta_rate": 0.358974358974359,
        "genuine_rate": 1.0,
        "malformed_rate": 0.0,
        "truncated_rate": 0.15384615384615385,
        "degenerate_rate": 0.0
      },
      "real": {
        "n": 39,
        "raw_compliance": 0.0,
        "effective_control": 0.0,
        "accuracy": 0.7777777777777778,
        "meta_rate": 0.15384615384615385,
        "genuine_rate": 0.9743589743589743,
        "malformed_rate": 0.0,
        "truncated_rate": 0.07692307692307693,
        "degenerate_rate": 0.02564102564102564
      },
      "signrev": {
        "n": 39,
        "raw_compliance": 0.0,
        "effective_control": 0.0,
        "accuracy": 0.6666666666666666,
        "meta_rate": 0.5641025641025641,
        "genuine_rate": 0.9230769230769231,
        "malformed_rate": 0.0,
        "truncated_rate": 0.7692307692307693,
        "degenerate_rate": 0.6153846153846154
      },
      "ft_benchmark": {
        "n": 39,
        "raw_compliance": 0.0,
        "effective_control": 0.0,
        "accuracy": 0.8611111111111112,
        "meta_rate": 0.0,
        "genuine_rate": 1.0,
        "malformed_rate": 0.0,
        "truncated_rate": 0.07692307692307693,
        "degenerate_rate": 0.07692307692307693
      },
      "rand_null_eff": [
        0.0,
        0.0,
        0.0,
        0.0,
        0.0
      ],
      "rand_null_eff_mean": 0.0,
      "rand_null_eff_max": 0.0,
      "mcnemar_real_vs_base": {
        "gain": 0,
        "loss": 0,
        "p": 1.0
      }
    },
    "no_word_so": {
      "bucket": "within_category",
      "base": {
        "n": 39,
        "raw_compliance": 0.0,
        "effective_control": 0.0,
        "accuracy": 0.8235294117647058,
        "meta_rate": 0.6666666666666666,
        "genuine_rate": 1.0,
        "malformed_rate": 0.0,
        "truncated_rate": 0.15384615384615385,
        "degenerate_rate": 0.02564102564102564
      },
      "real": {
        "n": 39,
        "raw_compliance": 0.4358974358974359,
        "effective_control": 0.38461538461538464,
        "accuracy": 0.6842105263157895,
        "meta_rate": 0.1282051282051282,
        "genuine_rate": 0.9487179487179487,
        "malformed_rate": 0.0,
        "truncated_rate": 0.02564102564102564,
        "degenerate_rate": 0.0
      },
      "signrev": {
        "n": 39,
        "raw_compliance": 0.02564102564102564,
        "effective_control": 0.0,
        "accuracy": 0.8823529411764706,
        "meta_rate": 0.5128205128205128,
        "genuine_rate": 0.9487179487179487,
        "malformed_rate": 0.0,
        "truncated_rate": 0.5641025641025641,
        "degenerate_rate": 0.48717948717948717
      },
      "ft_benchmark": {
        "n": 39,
        "raw_compliance": 0.0,
        "effective_control": 0.0,
        "accuracy": 0.8888888888888888,
        "meta_rate": 0.0,
        "genuine_rate": 0.9743589743589743,
        "malformed_rate": 0.0,
        "truncated_rate": 0.07692307692307693,
        "degenerate_rate": 0.1282051282051282
      },
      "rand_null_eff": [
        0.0,
        0.0,
        0.02564102564102564,
        0.0,
        0.02564102564102564
      ],
      "rand_null_eff_mean": 0.010256410256410256,
      "rand_null_eff_max": 0.02564102564102564,
      "mcnemar_real_vs_base": {
        "gain": 15,
        "loss": 0,
        "p": 6.103515625e-05
      }
    },
    "include_exactly_twice": {
      "bucket": "within_category",
      "base": {
        "n": 39,
        "raw_compliance": 0.02564102564102564,
        "effective_control": 0.0,
        "accuracy": 0.8,
        "meta_rate": 0.8461538461538461,
        "genuine_rate": 1.0,
        "malformed_rate": 0.0,
        "truncated_rate": 0.23076923076923078,
        "degenerate_rate": 0.1282051282051282
      },
      "real": {
        "n": 39,
        "raw_compliance": 0.28205128205128205,
        "effective_control": 0.0,
        "accuracy": 0.7027027027027027,
        "meta_rate": 0.7631578947368421,
        "genuine_rate": 0.9743589743589743,
        "malformed_rate": 0.0,
        "truncated_rate": 0.07692307692307693,
        "degenerate_rate": 0.02564102564102564
      },
      "signrev": {
        "n": 39,
        "raw_compliance": 0.0,
        "effective_control": 0.0,
        "accuracy": 0.75,
        "meta_rate": 0.717948717948718,
        "genuine_rate": 0.717948717948718,
        "malformed_rate": 0.0,
        "truncated_rate": 0.8974358974358975,
        "degenerate_rate": 0.5384615384615384
      },
      "ft_benchmark": {
        "n": 39,
        "raw_compliance": 0.0,
        "effective_control": 0.0,
        "accuracy": 0.8108108108108109,
        "meta_rate": 0.0,
        "genuine_rate": 1.0,
        "malformed_rate": 0.0,
        "truncated_rate": 0.05128205128205128,
        "degenerate_rate": 0.07692307692307693
      },
      "rand_null_eff": [
        0.0,
        0.0,
        0.0,
        0.0,
        0.0
      ],
      "rand_null_eff_mean": 0.0,
      "rand_null_eff_max": 0.0,
      "mcnemar_real_vs_base": {
        "gain": 0,
        "loss": 0,
        "p": 1.0
      }
    },
    "bullet": {
      "bucket": "cross_category",
      "base": {
        "n": 39,
        "raw_compliance": 0.0,
        "effective_control": 0.0,
        "accuracy": 0.7647058823529411,
        "meta_rate": 0.5128205128205128,
        "genuine_rate": 1.0,
        "malformed_rate": 0.0,
        "truncated_rate": 0.1282051282051282,
        "degenerate_rate": 0.0
      },
      "real": {
        "n": 39,
        "raw_compliance": 0.0,
        "effective_control": 0.0,
        "accuracy": 0.7027027027027027,
        "meta_rate": 0.18421052631578946,
        "genuine_rate": 1.0,
        "malformed_rate": 0.0,
        "truncated_rate": 0.05128205128205128,
        "degenerate_rate": 0.02564102564102564
      },
      "signrev": {
        "n": 39,
        "raw_compliance": 0.0,
        "effective_control": 0.0,
        "accuracy": 0.8181818181818182,
        "meta_rate": 0.5384615384615384,
        "genuine_rate": 0.9230769230769231,
        "malformed_rate": 0.0,
        "truncated_rate": 0.46153846153846156,
        "degenerate_rate": 0.3076923076923077
      },
      "ft_benchmark": {
        "n": 39,
        "raw_compliance": 0.5384615384615384,
        "effective_control": 0.48717948717948717,
        "accuracy": 0.8888888888888888,
        "meta_rate": 0.0,
        "genuine_rate": 0.9487179487179487,
        "malformed_rate": 0.0,
        "truncated_rate": 0.07692307692307693,
        "degenerate_rate": 0.1282051282051282
      },
      "rand_null_eff": [
        0.0,
        0.0,
        0.0,
        0.0,
        0.0
      ],
      "rand_null_eff_mean": 0.0,
      "rand_null_eff_max": 0.0,
      "mcnemar_real_vs_base": {
        "gain": 0,
        "loss": 0,
        "p": 1.0
      }
    },
    "numbered": {
      "bucket": "cross_category",
      "base": {
        "n": 39,
        "raw_compliance": 0.0,
        "effective_control": 0.0,
        "accuracy": 0.8181818181818182,
        "meta_rate": 0.4358974358974359,
        "genuine_rate": 1.0,
        "malformed_rate": 0.0,
        "truncated_rate": 0.15384615384615385,
        "degenerate_rate": 0.0
      },
      "real": {
        "n": 39,
        "raw_compliance": 0.0,
        "effective_control": 0.0,
        "accuracy": 0.5675675675675675,
        "meta_rate": 0.23076923076923078,
        "genuine_rate": 1.0,
        "malformed_rate": 0.0,
        "truncated_rate": 0.10256410256410256,
        "degenerate_rate": 0.02564102564102564
      },
      "signrev": {
        "n": 39,
        "raw_compliance": 0.0,
        "effective_control": 0.0,
        "accuracy": 0.9,