{
  "attn_mass": {
    "bullet": {
      "spec": {
        "base": 2.2872183322906494,
        "steer": 6.523927211761475,
        "delta": 4.236708641052246,
        "lo": 4.094850885868072,
        "hi": 4.366863799095154
      },
      "cot_target": {
        "base": 4.503865718841553,
        "steer": 3.956319808959961,
        "delta": -0.5475457310676575,
        "lo": -0.679024763405323,
        "hi": -0.4145144872367382
      },
      "directive": {
        "base": 1.2645429372787476,
        "steer": 1.4793328046798706,
        "delta": 0.21478986740112305,
        "lo": 0.17873696126043798,
        "hi": 0.25235024392604827
      },
      "rest": {
        "base": 4.264143943786621,
        "steer": 6.449602127075195,
        "delta": 2.1854584217071533,
        "lo": 2.0694044530391693,
        "hi": 2.2958861112594606
      },
      "instruction": {
        "base": 12.319770812988281,
        "steer": 18.409181594848633,
        "delta": 6.08941125869751,
        "lo": 5.8590322732925415,
        "hi": 6.3142459154129025
      },
      "sink": {
        "base": 18.296422958374023,
        "steer": 15.482391357421875,
        "delta": -2.814030885696411,
        "lo": -3.011986494064331,
        "hi": -2.618609917163849
      },
      "self_prefix": {
        "base": 6.801965236663818,
        "steer": 6.683563232421875,
        "delta": -0.11840184777975082,
        "lo": -0.17280741222202778,
        "hi": -0.06338011156767608
      }
    },
    "numbered": {
      "spec": {
        "base": 3.9451217651367188,
        "steer": 8.590126037597656,
        "delta": 4.645003795623779,
        "lo": 4.469983160495758,
        "hi": 4.822075867652893
      },
      "cot_target": {
        "base": 4.428643703460693,
        "steer": 4.4790873527526855,
        "delta": 0.050443489104509354,
        "lo": -0.05429268814623356,
        "hi": 0.149635836109519
      },
      "directive": {
        "base": 1.1416658163070679,
        "steer": 1.2421289682388306,
        "delta": 0.1004631519317627,
        "lo": 0.0739524558186531,
        "hi": 0.1252937503159046
      },
      "rest": {
        "base": 3.237431764602661,
        "steer": 4.202221393585205,
        "delta": 0.9647895693778992,
        "lo": 0.8950310230255127,
        "hi": 1.0425726115703582
      },
      "instruction": {
        "base": 12.752863883972168,
        "steer": 18.51356315612793,
        "delta": 5.760700225830078,
        "lo": 5.559713113307953,
        "hi": 5.977121210098266
      },
      "sink": {
        "base": 18.69240379333496,
        "steer": 16.89671516418457,
        "delta": -1.7956886291503906,
        "lo": -1.9500787824392318,
        "hi": -1.6504953384399415
      },
      "self_prefix": {
        "base": 6.766225337982178,
        "steer": 6.2030510902404785,
        "delta": -0.5631740689277649,
        "lo": -0.6013011083006858,
        "hi": -0.5245816096663475
      }
    },
    "section_headers": {
      "spec": {
        "base": 3.3295047283172607,
        "steer": 7.933931827545166,
        "delta": 4.604427814483643,
        "lo": 4.403685367107391,
        "hi": 4.806516706943512
      },
      "cot_target": {
        "base": 3.4833896160125732,
        "steer": 3.5407168865203857,
        "delta": 0.05732729658484459,
        "lo": -0.04898002101108432,
        "hi": 0.15393290892243383
      },
      "directive": {
        "base": 0.6505792737007141,
        "steer": 1.028354287147522,
        "delta": 0.37777507305145264,
        "lo": 0.3556740999221802,
        "hi": 0.3995035909116268
      },
      "rest": {
        "base": 4.10145902633667,
        "steer": 5.5303826332092285,
        "delta": 1.428923487663269,
        "lo": 1.3376110762357711,
        "hi": 1.5306810230016707
      },
      "instruction": {
        "base": 11.564932823181152,
        "steer": 18.03338623046875,
        "delta": 6.468453884124756,
        "lo": 6.2506198525428776,
        "hi": 6.6869212031364444
      },
      "sink": {
        "base": 19.253904342651367,
        "steer": 16.603416442871094,
        "delta": -2.650489330291748,
        "lo": -2.7510528385639192,
        "hi": -2.5504733800888064
      },
      "self_prefix": {
        "base": 7.298254489898682,
        "steer": 7.226221084594727,
        "delta": -0.07203314453363419,
        "lo": -0.1373749352991581,
        "hi": -0.003783915686654116
      }
    },
    "xml_steps": {
      "spec": {
        "base": 1.6352142095565796,
        "steer": 5.1558661460876465,
        "delta": 3.5206518173217773,
        "lo": 3.3685960292816164,
        "hi": 3.68713241815567
      },
      "cot_target": {
        "base": 4.371948719024658,
        "steer": 4.688554286956787,
        "delta": 0.3166053295135498,
        "lo": 0.22054613046348095,
        "hi": 0.41395833045244207
      },
      "directive": {
        "base": 0.25658854842185974,
        "steer": 0.44494307041168213,
        "delta": 0.18835453689098358,
        "lo": 0.1756059594452381,
        "hi": 0.2019448023289442
      },
      "rest": {
        "base": 4.913194179534912,
        "steer": 6.8699469566345215,
        "delta": 1.9567519426345825,
        "lo": 1.8466243892908096,
        "hi": 2.062112158536911
      },
      "instruction": {
        "base": 11.176945686340332,
        "steer": 17.15930938720703,
        "delta": 5.982364177703857,
        "lo": 5.787109196186066,
        "hi": 6.1833178997039795
      },
      "sink": {
        "base": 18.93645668029785,
        "steer": 17.489727020263672,
        "delta": -1.4467297792434692,
        "lo": -1.5540266454219818,
        "hi": -1.3435578227043152
      },
      "self_prefix": {
        "base": 7.247983455657959,
        "steer": 6.849649906158447,
        "delta": -0.39833304286003113,
        "lo": -0.4555901996791363,
        "hi": -0.34316920116543775
      }
    },
    "initial_caps": {
      "spec": {
        "base": 1.443514347076416,
        "steer": 2.6018178462982178,
        "delta": 1.1583034992218018,
        "lo": 1.0691172361373902,
        "hi": 1.2491509854793548
      },
      "cot_target": {
        "base": 3.9821102619171143,
        "steer": 4.126008987426758,
        "delta": 0.1438988894224167,
        "lo": 0.038045360893011096,
        "hi": 0.24919919408857802
      },
      "directive": {
        "base": 0.0,
        "steer": 0.0,
        "delta": 0.0,
        "lo": 0.0,
        "hi": 0.0
      },
      "rest": {
        "base": 5.718738555908203,
        "steer": 7.642143726348877,
        "delta": 1.9234060049057007,
        "lo": 1.741861018538475,
        "hi": 2.1081253051757813
      },
      "instruction": {
        "base": 11.144363403320312,
        "steer": 14.369972229003906,
        "delta": 3.2256081104278564,
        "lo": 3.0004235088825224,
        "hi": 3.4508097231388093
      },
      "sink": {
        "base": 18.480728149414062,
        "steer": 17.43459129333496,
        "delta": -1.0461369752883911,
        "lo": -1.2317182928323747,
        "hi": -0.874642612040043
      },
      "self_prefix": {
        "base": 6.953050136566162,
        "steer": 5.910107135772705,
        "delta": -1.0429426431655884,
        "lo": -1.1134982496500014,
        "hi": -0.9756890714168549
      }
    }
  },
  "attn_increment_share": {
    "bullet": {
      "spec": 0.6383510748830776,
      "cot_target": 0.0,
      "directive": 0.0323627028304328,
      "rest": 0.32928622228648957
    },
    "numbered": {
      "spec": 0.8063262861384599,
      "cot_target": 0.008756486028555183,
      "directive": 0.01743939961799446,
      "rest": 0.16747782821499038
    },
    "section_headers": {
      "spec": 0.7118282240378803,
      "cot_target": 0.008862596411203594,
      "directive": 0.05840268560780897,
      "rest": 0.22090649394310716
    },
    "xml_steps": {
      "spec": 0.5885051489258023,
      "cot_target": 0.05292311658862484,
      "directive": 0.031484968583194314,
      "rest": 0.3270867659023785
    },